age,planet,karma,name
56,B,47.25,KRAHMXAZ
30,D,14,OFQPUNRG
38,A,123.375,DQZBROCY
57,D,108.125,XOQZIHGP
22,C,47.125,BZGOWWTY
41,D,51.125,WJUHHJWA
33,B,33.5,UHATTMEK
23,C,107.625,ZPOMWYRH
30,D,64.75,EAUYTOFE
19,D,91.625,POGRPPDA
56,C,36.125,SPRGYOCQ
48,B,7.125,AXHFUNBR
53,B,2.5,UOWXMYJD
36,A,46.75,VKSEGFXB
41,C,51.125,MZUMRJNT
27,A,87.25,AAQTRHFY
44,A,68.375,ZUCLTGXD
21,C,15.625,BCGQHDKJ
23,C,113.625,CNIPGVCR
47,C,49.875,GZFDWGBW
47,B,95.125,SWTUJBCQ
24,B,119.25,YIAFTRTX
55,D,21.125,NBTDTLFD
52,D,116.125,YVOWGUGG
50,B,71.625,BWCBHHIL
20,C,39.125,GHPAZWPB
58,C,49,TNCUZUJF
25,C,59.875,LCKLHFOS
34,A,33,QBKFSSGN
50,A,34.5,MOQGWRVJ
37,D,1.875,FVSOVLXM
58,D,107.625,KZEWAGJQ
48,D,107.5,FCYWMINF
48,D,88.75,THHVMXYS
51,C,100.25,QWHMURBZ
56,B,17,DTQFNTQX
19,A,8.875,LJUVOTXU
56,A,83.5,DRQULYVN
50,D,73.75,UZDZYTKA
42,D,79.125,SQCYWGRD
23,A,124.25,MTSZUYCV
32,B,119.625,ZQDRJWXI
34,A,18.375,UMKNRIWK
45,B,65.375,LQTYTOMK
30,A,54.625,XUFPDRXE
30,B,86,NQUDCIFO
46,C,105.625,NVSSRYOK
46,C,16.125,ILNVTBFX
38,C,87.25,CDXGOPFH
42,C,107.125,NMXNRXSC
33,C,11.625,HRQFOBRB
22,D,98.5,DDQZNNAV
48,D,109.375,PNKJWUSS
47,A,87.75,FGLTRHSP
41,A,112.5,QVOKUCOB
37,A,40.125,WQJOCRYX
34,C,46.375,CIMJKOWZ
29,A,27.5,QXISINAA
37,C,97.25,SWWEGLIZ
42,D,77,HHTDRBBO
57,A,23.5,IWUQNAAJ
22,C,95.125,PDKDWZZV
26,A,110.125,GYCUYUEA
60,C,87.625,DYCAPDUJ
46,D,14.375,OJSWNPSW
34,D,90.5,NAWJHJDD
50,D,96.375,YGOQEQMO
48,A,102,ANOMXJTM
34,D,95.625,VCFWGXTG
57,C,25.125,NCCFAMPI
26,C,32.25,LAFYHPNQ
41,D,101.5,STMXXEGA
53,A,82.5,MGPWNBBM
34,D,16,NVLWSKIS
37,B,18.625,AVQCHFKB
46,D,107.75,BNOTPLBE
43,C,65.5,ECSCEXTP
35,A,120.875,TUXBPOHC
46,B,9.375,VKXICQKM
43,A,92,MKEWTNCL
42,B,51.375,EAVYIJJL
53,D,42.25,VXUZJMXG
40,D,31.25,XYCFRISF
29,B,97.5,OJNYVSUB
49,A,79.375,THXWHIXV
23,B,34.25,MZGJZSAW
44,D,103.25,JDVGVOGH
39,C,104.625,BFXALLXY
36,A,7.625,UTELBQUV
47,B,92.125,FFVLNWTZ
19,B,81,WBKGTJAB
25,B,104.625,NFPNUOAG
30,C,56.25,FIYOOXPD
46,B,100.125,XMAJHVAM
59,D,100.875,TLYVTNSF
23,D,105.375,QCRUCNRQ
25,A,85.625,EPDEEGXS
19,A,24.25,HDNWTZPX
39,B,53.625,VMIDAMDT
59,B,24.375,QGYSELQP
29,A,2.125,ETBZNQCH
27,A,74.5,LTSLTKTO
60,C,105.375,HTCHAFZZ
45,A,57.875,RZLJGPDD
33,C,20.75,NOCULXUY
19,A,102.625,NBBNONSS
47,B,35.5,XRNRPKLW
48,D,70.125,PPXECZWX
20,A,118.5,CTLQIXMM
24,A,80.125,KDFFMZVJ
38,A,112.125,NEMXDILB
38,A,2.25,FDNCWTUW
56,A,119.75,CCYAVNYT
28,B,26,NKGWOTUI
52,B,61,VDMONOIW
53,A,59.25,BJVZDOTF
38,B,114,VLMSKDLL
21,A,80.625,DIDIKEPO
59,D,23.75,OJRJAUOP
50,C,16,HTSGVPOE
37,B,70.75,YBEFQUJZ
40,C,81,KVJLNOEX
25,C,66.5,FORGVGHI
23,B,64.75,WTDMBHGH
58,A,116,JTEFLJQU
23,C,124.375,WLAVGUXB
58,A,11.25,LVJMPPPR
35,B,76,GHGTXYXJ
58,A,52.625,KXVHNXFA
28,C,62,NABXOEBZ
59,D,42.125,VDXQKSJR
39,A,67.125,VUOOQPBZ
29,A,12.875,CMAXQMSV
43,D,90.25,JGBNSGQR
50,D,91,URECOFQF
19,D,15,WVMZMEQE
41,A,8,QIKKTUFP
40,C,2.5,DAWYQNJW
31,B,32.75,BLAWXEDL
40,D,9,CWCBKUCN
55,A,101,UVOSHMSO
44,D,100.5,DQWYLFRY
46,B,79.625,NRWYGSGQ
33,C,87.75,AUIGMKRT
23,C,87.5,GCKTEMJI
43,D,115.875,NWPZYEVX
35,B,32,TNMCOHTN
22,C,75.125,XFPZNQGY
48,A,7.125,ROTTKPRZ
46,C,96,BUWBWNAG
49,D,55,NKWMOFFD
59,C,14.125,TDXSZFIG
21,D,74.375,GGDUEAQU
56,D,15.75,PHTQFCQN
59,C,88.625,NDJZTUVZ
33,C,28.25,ZRXNDYRM
41,B,9.125,POBKOZWV
24,A,119.125,FLEORNEH
49,C,44.375,WGQYIXZP
52,B,79.125,LIMNBCCN
29,D,39.5,HMDZXPLF
48,A,88.5,MRUIGPDO
18,B,74.875,BJFYRMCU
51,A,65.5,KAVPLNTM
38,B,41,ENUXEBFE
20,B,20.625,SRARNYUO
21,B,104.375,IMANIQQI
43,A,8.5,QWCEJNIB
39,D,109.875,EFHJJWAG
32,A,33.75,EZGMCWEW
28,D,90.125,YUGSAUEK
44,A,75.75,AJARRJUO
23,C,37.875,EJABWZSY
36,B,19.875,VCRLBGLB
47,B,49.625,PXYBSFBA
45,B,74.125,JEAXDURI
47,A,114.75,PONXWFWC
51,B,15.125,FEEXGHIH
24,B,114.375,UDGMSXRL
49,C,77.375,WVCJKSGT
49,C,16.625,AUWMQWQD
20,C,3.125,VSSUSMPO
34,D,65.25,PBELEHJV
54,A,55.75,DPECBLVY
34,B,21.75,CBGKLCKP
41,A,34.25,ACTTGQOB
19,C,50.5,ZSULDDWM
26,D,37.25,OHBVGCHL
60,D,62.875,NONYUCCP
58,A,34.75,VVIMYPUI
50,B,20.75,IUSLKUCO
35,B,92.875,ZGFGRKUD
18,A,17.75,TKAMVMBY
38,A,10.875,UHTEQJLN
47,C,30.5,KSMMHDFN
23,D,45.5,MYRYDLUZ
60,C,72.5,UACLRGAH
51,A,113.125,JFKABTGR
23,C,69.5,KIKEGQSL
33,C,109.625,QMHNKPRI
18,D,85.75,RFDLMDEM
45,D,86,VCWBJANO
25,A,0,TXUWSGRW
24,C,33.5,SJJFEZOB
31,B,82.125,GMCRCJTK
38,C,93.75,QGKUOAMY
44,C,8,UTJDRKQW
30,D,52.125,UDIBCSOF
49,B,37.25,MVISYYLP
53,D,21,OBXPFTOI
34,B,79.875,GBRIPXAT
48,A,29.375,MINVXUUN
38,C,38.375,TMOLPJGM
53,A,79.375,RPYNDKQB
29,A,116.25,DNOHOWDN
33,D,51.75,ATJKLYLK
32,C,15.875,QZPQWPYW
29,D,16.875,UWVOBFPL
19,D,85.375,YHWLGUIH
38,A,66.625,BCPVRLTR
49,B,31.375,RZNGLUVN
25,B,92.125,MTICEOKV
34,A,49,GKSUJQNN
57,C,49.125,GDGECGND
28,C,118.25,RKNVDMYC
45,B,30.25,HBIUKWOX
25,A,119.625,MJUETIDY
41,D,117.75,MWPKCKON
42,C,52.875,CCAVFXSY
25,B,72.25,KSXBIUHL
54,D,1,AGQFMWHC
20,B,54.125,TOHSWWOT
24,C,90.625,HQQGZPND
58,B,7,HAOUAPFJ
48,C,116.875,QHBZNRIX
32,B,105.25,NTOAYSUK
48,D,55.25,TZTRDFAH
35,B,59.875,XEYDAODP
38,D,2.125,IJONFJIM
50,B,105.5,SPFLNAJP
46,C,64.125,QYNHNFQH
47,A,57.625,XFEPQZQK
43,B,93.125,LCYSHYHH
49,A,111,IWXGNEFD
39,A,92.875,LESQCSZK
43,D,82.125,LMWKFWQX
21,D,31.125,XCPWEKUV
50,C,71.75,HEXZLVDA
23,A,2.375,SUQHCFIZ
59,A,18.5,CETNZUPH
44,C,86.75,ZDQWCHSL
19,A,5.625,YTLPCWJL
21,D,2.5,UZTDESEL
43,A,86.75,VLNMGBEU
41,C,39.625,YIMEIGLU
28,C,62.75,EAEWIHYQ
21,D,16.5,EKZVSVLG
55,C,88.5,EBKFWHTS
45,B,73.875,HDKAXBWU
27,D,99.75,KFWRCYUC
34,A,59.625,DCLJQTIV
25,B,19.75,YRQTXVEE
24,B,111.375,DWAPONIZ
53,C,97.875,OQEYWFSL
42,C,95.875,AJVNVNNO
18,D,19.5,AFRLNZWX
51,D,48.375,PPYBYONL
19,A,120.5,HWTIRBMB
35,A,116.25,TWANNBNI
53,A,29.25,QYWQBWOY
55,A,10.125,NKWXTAUG
43,D,36.375,UGUHZBLT
30,C,36.875,RKGZPCFJ
35,B,87.75,MYMGZIJN
52,B,84.25,YEJNYNOK
54,A,69.875,QWTWPKFU
28,B,70.75,UYXCMGDZ
21,C,17,VSABMABI
39,D,46.5,EAMVSOTO
32,C,91.375,WFXLTKEO
23,C,122.25,WKQFOFXW
22,C,11.375,AUQNDSML
48,A,119,RIUEJHIP
21,A,33.625,LWWQFZRM
31,A,37.5,NDHAHMNL
52,A,34.125,RGXDYWER
27,B,118.875,UDUAJRXM
53,C,120.25,VKGHKGXE
40,D,29.875,ZKXVCMBP
30,C,12.375,OVYISADG
34,C,17.375,SEWNXCWL
25,D,81.125,HLJYIEBP
54,D,105.125,UGIVHZYX
59,B,105.875,LBCSNLAL
28,C,86.875,SRTHEOUE
55,A,41,YBZSZSHD
46,D,118.75,TLLWVILL
40,C,82.875,BKLAWSTW
31,D,103.75,RYKSTZBJ
33,D,97.125,CFVWKFLH
18,C,8.5,FHWYQGZS
57,A,15.25,WESRYABH
32,D,14,ITBMNSQS
39,A,85.625,ZVKQHFTJ
55,B,50,UTUCETUL
33,A,63,VBOKMWZF
18,B,115.75,VMHFAFKZ
28,B,112.25,WCOURLHG
40,C,72.875,XASFEYQD
45,A,30,PDLNBWIN
34,A,14.125,QIYBEKBX
36,D,88.875,JMTGGBNB
31,A,12.5,TNJYAPFR
54,C,96.375,WGPWZQHO
52,B,10,KUJKHHYW
43,C,74.125,VOEPAUXE
42,A,110.75,PTFUUMUW
27,A,39.375,RHIWPYMH
33,C,63.5,BLNUTVTJ
42,D,42.5,UMHHYGCA
55,A,69.75,AIHJOQCI
18,B,122.375,LGWPAOKT
47,B,95.875,NGJMTJSV
48,A,29.25,JXPRJQQD
54,D,90.125,FONYJXVG
36,B,61.5,YUWMPMUS
55,A,69.375,DHMGYIBY
56,B,87.875,TACGEXBC
34,D,27.625,YDGTRGZX
28,B,111.375,ZETRLBIH
52,A,40.5,TZHJNXXY
50,C,45.25,ROXWFYPI
20,C,54,OXYDPQTK
54,C,104,NRBAMULZ
37,B,81.5,FNKNKVBN
43,C,72.5,ODONMWDO
56,B,77.625,AJZQBARX
49,D,106.625,PGOTOSOC
44,D,95.5,XRXWANEH
42,A,50.375,QTSQQXFY
35,B,8,WQFDMQDM
36,C,15.125,ZXIUDQXQ
35,B,78.125,DYSZKMYT
24,A,2.5,PLCLFUHJ
29,A,69.125,OFRLJJWK
38,D,90.875,QCTWECZG
34,D,22.25,WJDYLPOW
42,B,14.5,JWUDLCRV
20,D,83.875,HGEHVTMK
46,C,35.625,AROFWWEU
43,D,37.375,LJUQAMWN
42,A,3.375,XOEEDSOQ
37,C,54.75,VFPMGDXN
28,D,19.875,VIBFSFTU
60,A,104.75,XUFIEAYN
21,D,54,QIQJQUEG
38,D,0,APUAPMGX
49,B,54.75,MUZJQLEH
37,D,103.75,YSWNERTT
36,B,124.75,AYLJNXOZ
20,A,115.25,LYLUFAMR
60,A,17.375,OTZVYTPO
32,D,11.375,JDHLWHYT
55,C,3.25,BCYZXENR
38,A,28.375,TXQPTPBC
52,D,48.25,EGPWWNVP
41,B,18,ITAISQFC
27,A,7.375,XMWZYYYA
54,A,41.25,DEYJJWRO
39,D,53.75,RKKCPTLL
31,D,26.125,VMHOSHZT
21,B,79.375,ZNODNGRF
30,A,24.375,YTGEVCZS
42,B,64.25,JMUIJNQP
25,D,42,KECERCXU
45,A,90.875,STEUQCFX
54,D,72.25,CXWJAABF
58,C,20.875,QBDDTAPR
29,A,51.125,VEMBKTIA
44,A,60.5,LYVYYRSK
58,C,41.875,MYFHDKBN
20,D,90.5,QQPRVNKD
34,C,83.5,QMEFFXBI
23,B,83.125,TWNHQWZU
31,B,84.25,ZFXIZXGR
48,C,8.375,LQBZGWSA
33,C,3.5,ZVOLQBLL
28,D,119.625,CYZPVPWF
44,B,88.625,MHBKGVBJ
29,C,38.75,GBAZBIAH
48,C,1.75,PFVJLBSU
32,B,86.5,QPODKQIX
46,D,96.625,YYGCVSFI
37,C,82,SVTRZGOX
42,A,48.375,ZNNIMZQH
47,B,44.875,HFNJCBBE
26,A,88.375,FBUJKZGY
54,A,86,JHQVFPKP
56,A,9.875,CBFMTCGW
51,B,79.625,EBOJUFQU
26,C,107.625,XBIJINXU
25,A,25.75,LZPIQHCN
28,B,24.625,KTQPTZGN
37,C,37,VZRMDJUO
57,A,98,PUGOJUBR
37,B,106.25,JPQOHPNZ
47,C,24.5,KBXUGBVH
23,C,44.5,BRKVVZNF
34,D,108.875,OGUMSYSG
23,A,46.625,GJZXVQOV
31,D,80.25,XHAWWDFA
36,C,92,PBVWZXQM
18,A,49.125,DXRIUVSF
48,D,50.875,CXWRYIUZ
33,B,33.75,YXDHAVGF
29,D,58,MAQGLTYF
23,B,91,LFXSQJQM
26,C,43.625,QQXAVXNQ
60,A,105.875,PWANRONH
30,A,117,ALYHUKVJ
42,A,44.375,GUESZWYT
36,D,121.375,HQXKPHJQ
21,D,66.375,PRZVYPAS
36,C,46.5,GPTUDRAW
56,C,77.375,JRQSZIOS
41,C,117.125,AUHLKXXC
48,B,105.625,SLXGONHN
48,A,61.125,IQXUBSTA
31,C,37,BEQLKEBO
27,A,83.875,OYSUXLMH
53,A,55.25,ZBYFFMEW
31,B,120.25,WBNCDWMO
34,B,79.625,SXTSEWQY
59,A,0.25,WYTXRIXT
42,A,30.875,YFFULXIC
45,B,73.25,ASCDBGWM
44,A,52.25,HBLFAUGX
47,C,99.5,BWTFFUCG
36,C,2.5,MXCUOBKZ
60,D,95.625,ZVRNYPKO
44,D,13.75,PQJPQEGG
18,B,111.75,UFJKKLCT
32,D,109.75,ZDCGQQSQ
48,A,90.625,LVZCFHXC
58,A,115,YYFBPDAU
55,D,105.375,JJLUWRBQ
52,B,22.875,LBOUPQAQ
37,B,33.75,ZHUVIVHD
25,C,40.625,RMLXIKNN
20,D,70,WYFIXFLS
43,C,94.75,EPHWGIWY
51,A,124.875,QBFNLQYD
46,D,106.125,OLNXNDGU
58,D,5.875,CCFBBCIR
44,D,98.5,YRLIPFJD
51,D,95,FPKBNQVN
41,D,44.875,THCJHOOH
19,D,101.75,QQHZLTID
42,B,102.75,UCOTMKRZ
49,C,102.625,WWTFCBGN
49,C,48.625,PHLNZAWM
49,D,78.75,ETEGTYCP
51,C,41.75,WYFKOYKF
38,D,50.25,CPFPTSZN
35,D,103.75,TNZTBAUT
28,A,46.875,ODUMKNUM
37,A,3,IUKTPTWO
18,B,13.625,YMFDXXTY
48,B,39.75,KGLYSLWR
28,D,25.75,QTTKLCZN
45,B,47.125,TSRLFXCI
47,D,35.25,JDTARZPY
45,A,124.75,DOPAKJAP
39,D,3.25,WKXOQVLN
38,C,79.625,NETPYPFH
29,A,28.375,LAJGIQAH
29,C,62.375,ESQKKAIJ
57,B,0.625,ULRRGTKW
33,A,94.5,RKSHOIAF
33,B,100.5,ULJOFEFD
44,B,9.875,GLETRLSJ
59,C,28.5,HQDHIDNR
18,B,28.75,CAHRKECS
36,B,40.25,KQWCQVQG
55,B,68.125,FMNOAVSQ
60,C,55,YOWAGUUR
23,A,64.125,YEZVNHYX
34,A,20.75,LKVPNVXH
38,A,90,LOWAJMPM
36,D,21,TWTUCMJM
42,B,84,ZYXQSHYM
42,B,57.375,JZOOGVTX
26,B,32,IOLBDKSZ
51,B,25.5,BMKDGECO
27,B,35.75,GALJCBWC
26,A,47.25,DSTRMPNS
33,B,34.875,XCKASKUC
31,B,12.375,YBXTHFNR
57,B,72.375,OOXVFSHP
39,C,29.25,HOIHWCZW
43,B,69.125,SIZRIQCY
21,A,77.375,EWNNCZFS
35,B,60.75,KSZJBSOM
45,C,85.125,CCUHGUFN
43,A,115.625,XGWEMBPE
41,C,22.375,YXXVTUGJ
51,D,18.25,DAXXDEGK
47,A,38,ADAQPMUM
51,A,116.75,TOQZJIWT
45,C,55.75,UDREUYUD
22,D,106.625,IQVOYATH
49,C,14.75,TZDFOHSN
28,C,104.5,SQXXNHGM
22,B,73.75,DVXHLGPW
38,C,93.75,XGZWTUKX
30,C,12.125,UZMEUBCT
40,B,34.625,WGVCUITA
36,B,13.625,ECWEFWJF
40,B,82.75,JHYQDELG
58,A,42.25,QBJZGSMK
36,B,94.25,EDDJNBFA
20,B,63.125,CPMGADPJ
48,D,4.5,BOLRGFZT
35,B,85.375,YVIQAFOW
34,D,118,HRGEHMKR
29,B,34.25,AHVIDNNK
38,C,78.25,WEHECPGL
57,D,63,IGHRTIBH
34,B,80.75,BCVNAYWV
57,B,56.5,KHZCJXLL
33,B,49.5,FZZSWRPF
38,B,75.625,QAHASXWE
28,D,75.875,JIVYNMRP
42,D,111.625,XHEDJFYQ
58,D,89.75,CXBPLHYD
18,C,52,VBXDQCEG
36,A,112.5,EGTNGIMN
22,A,90.125,YBKXIDHY
47,B,79.375,HRLPAIXH
46,B,65,JMKLNLFU
39,D,20,ZMWMFLUO
45,C,113.875,TCACXEBT
25,C,120.75,DYEPMYEQ
25,B,96.25,MAAQFEWM
52,D,86.25,YNJMHLYJ
54,D,10.5,CYYJEWLU
56,C,56.5,WRMHVWQN
55,A,63.75,ABROGQJV
52,D,62.875,HXHWNXLL
38,B,41.875,GBGYHUIG
59,B,15,RRKQHEGA
44,B,50.875,PYRIFXFH
45,C,75,WPVNZFUY
35,A,86,UYYZZKNN
49,A,46.5,RJXBXMVC
55,D,104,YCIHYZFE
25,D,29,CZFJGZNE
25,B,119.125,KYLDLPSM
59,D,79.5,FPIIPLLP
43,A,10.25,SWLWAQBL
43,B,47.375,PUFZEUGK
23,A,49.875,QMCALTPX
35,B,119.5,WJBYPKEA
42,C,6.25,RDYQYNGT
25,B,103.375,SHDEYVPX
36,A,20.375,HVIQWLRH
53,C,26.375,SYJROFFT
33,C,83.875,LGCQLFVD
35,C,111.125,XQWYVONS
33,B,45.875,BORLPXXF
19,D,118.625,FKONJVGX
48,D,115.125,HMLUPGMO
55,C,1.875,HORUNEST
20,C,112.375,JFDYUWGZ
49,D,14.375,QWGNQEPH
29,C,111.375,SFMAOLTO
52,D,46.25,VZSRIIYM
37,A,51,FWBIBJSI
49,D,70.75,NJFLQNOD
56,D,27.625,LENUSACV
20,C,61.25,EKYIEJRS
38,D,71.875,WQSUVEME
42,C,80.25,LSEXEMTO
39,B,86.75,NDNDJDWN
38,D,10,VQHPSBQF
58,B,83.625,EXRYLTRW
32,D,0.75,HENFNXCU
49,D,32.625,UWHTPHPB
57,D,75.25,QKHILQRE
49,B,106.375,ZDFXAJST
52,D,77.25,JZJWRFLJ
56,B,68.75,JGRYGWWM
59,A,33.5,ZAWFQOJH
31,D,88,JIREDOIN
45,D,69.5,QFSUHYIH
44,C,40,UUAZAIZB
22,B,76.875,LQXZNNXP
33,D,110,TANNZSED
52,B,10.75,MVSLPYLY
36,A,84.875,RFTJTRYZ
37,C,108.75,XKGZKJGV
49,C,65.75,KMGZHJUD
60,D,114.25,SGSOZPNH
53,C,74.625,WQHCOYSY
39,D,60.25,KCFRAABI
37,C,10.75,XBLDZQKS
36,D,26.625,QJKMGXWH
37,C,36.375,BOXLAEKZ
38,B,5.875,TTNIIBFL
52,A,105.75,MZQYIBXT
42,C,115.5,TIQARNFJ
56,A,27.875,VTUQFMVY
55,A,101.75,JGDXPXUL
42,D,116.375,KPFVVGQG
25,B,4.375,TUUHVXFB
54,B,31.375,AMWYZJLD
53,A,30.25,GPRVEGRG
52,A,21.75,SFASRFNM
27,D,23.25,NEOIXTZL
26,C,64.875,HRJQGXCX
19,B,62.625,EFOEJAZM
47,D,47.5,EUQVRFMB
27,A,56,OKQBFKGX
45,D,121.875,EPVEVJBM
52,D,100.5,CLWXIYCR
37,C,106.625,ORSEYMGI
43,A,2.125,NCFAYYYC
56,A,31.125,BJXCKAAE
33,A,19,SWIGPMBT
45,C,55.25,DPBQHQIF
45,C,110.375,SSULOWGQ
18,A,53.375,XKDTHLKS
21,B,14.125,RWCLAWTA
31,A,9.25,APQRFMWK
20,B,78.125,QPIYOHTJ
25,A,12,URIKKOSC
50,D,51.875,USJYHOSK
41,C,1.75,TPBFSMRY
47,D,6.125,AIMWJMQJ
47,D,109.375,YWGAJWVN
34,B,89,RHTYQERI
48,C,14.375,PKXADYHG
60,B,29.875,YHHZZKGA
25,D,47.375,LDWOPGDQ
31,B,60.375,VADGPDCG
56,D,66,QCWYYOEJ
28,B,78.25,NFQHFXIF
29,A,93.375,EFTGTPIY
53,C,72,GOJDINNZ
60,A,103.125,QADRMECO
27,C,123.375,TLSPBKEX
31,D,54.625,SKUHOTVF
43,B,65.125,DRGNTVYE
60,B,29.25,IFPKZORL
26,B,116.75,ZFFPCNYL
20,B,7.25,BRRSPEFM
22,A,75.25,EITBHHNX
31,C,77.125,IKPDRDJO
26,B,101.875,IHEOQERH
51,B,16.25,UKRYQEWL
26,C,123.875,QAVCNKZU
18,D,0.25,HJTUFMGS
31,D,11,MAOBQDSV
50,A,93.375,WUERKANL
34,C,68.5,HELHHHLF
56,A,124.125,UEKRGYMT
56,B,78.75,VQNWQUSF
22,B,66.625,BLJEGFFV
47,D,34.125,GFPUGOXL
26,D,4.375,SFEZCEBR
38,D,31.125,VFFDUJEZ
44,A,68.75,PLWDBNZJ
24,A,4.375,ZVKZSRSJ
27,D,64.5,BPPBRAQY
23,B,82.125,VIPKVGOP
35,A,58.75,SECWBHTI
44,A,39.125,UQNLCWGH
56,D,60.875,AGQLLJOT
33,A,61.375,XORWOMEL
35,D,107.375,GGSYSXKG
22,C,100.75,VOKARKUJ
34,A,76.375,KBYQCWTC
49,D,23.5,DAKDEXNO
19,D,11.375,OPJIXHGG
43,C,50,HPXXWCHL
37,C,10.75,FEEABTYL
46,B,98.375,JQCDDMXU
46,B,42.5,HPUKRAHY
34,D,109,OGHKSPPI
21,A,61.625,NKIQHYTW
22,D,78.125,LWIJHSMF
21,D,60.875,QGCPVULH
24,B,93.75,AZXUNIDM
56,D,86.875,NQUFOKWR
21,D,93.25,UMVOWVOY
38,A,6.25,TNECSVUY
21,B,58.125,BOHSDCDY
33,C,76.75,NXXQIKJW
38,D,37.25,HABLXIGA
46,D,6.75,QXRZZQJA
55,B,95.75,TDQDMPNP
43,C,48.75,RZWCHERY
36,D,112.375,KYRTMPOM
48,B,27.625,GUXLDLPL
46,B,89.25,IAIUIPOO
23,A,83.25,UCSMPKQY
45,B,108.375,QYDZVXZS
36,B,47.625,OJWVWMDV
49,C,53.75,NPQLOJTU
43,D,41.375,GIXJVTXQ
46,B,74.875,NCDYMAJQ
26,A,6.5,HJXYFSSW
43,B,68.375,ECGDVBWL
40,D,11.25,QDNNYVVL
22,C,16.625,ASSHFUTV
47,A,123.25,XDLWQJQK
46,A,46.125,ILZFFGAF
60,C,57.5,ZANSSMSA
50,C,67.875,ITVTNAEQ
37,C,58.375,QCHDIWUK
49,A,76.75,ELKVICGB
56,D,53.125,WIHVCOAO
19,A,13.625,XBLBYBOA
40,A,88.75,LDEOKWHD
28,A,8,AKRMUPLU
21,B,105.375,UWRIEAPW
44,A,117.25,POZSUEUZ
46,A,54.25,KLTKJHRN
45,C,86.125,VAYZMJUM
38,B,73.875,ORMTTMSO
26,A,6.5,DNOJMJBU
49,B,5.375,FKZCREMT
26,A,105.125,EQASZJOV
46,B,76.125,FWYFYDNF
52,C,92.125,QJCQGYCN
30,B,107.25,JHIXCUPE
58,C,40.625,HRHHKDJR
37,D,66.875,WXDMDYYX
55,A,123.25,IZRFMJGG
29,A,51.5,ZFYOYSLW
36,C,18.5,ROOHYZDY
48,D,54.375,YNRWKXBY
22,C,98.25,RTGOMAMT
40,C,70.125,JLZGTEJS
33,D,73.375,IKTHPSOV
51,C,117.5,NZKXVEFD
36,C,32.375,GFSUBGRG
40,A,38.25,CPGRCMNU
60,C,46.5,KYLAOWDF
46,C,94.5,ZMVFYRPZ
22,D,85.5,PXJMNHGI
46,D,112.125,YNCKILSZ
50,B,9,GKKYPDMZ
24,D,71.5,MDXPIZOV
38,B,22.125,SVVAAPXQ
20,A,18.25,ZURIREYS
19,A,81.25,WTLPBMOJ
53,A,107.625,CRQXXCIP
35,B,91.5,CHRLHNGJ
56,D,124.875,FENAMEEJ
21,C,67,RKKFYHOP
42,C,52.625,XAPSJOMD
27,A,82.625,GVDKWITG
34,B,92,JCJPABBI
23,C,119,ZUQNFDYL
18,B,85.125,FMELLXSL
22,A,114.5,XIHSWSMF
38,A,23.875,QBVZSESI
31,A,57.25,AYHSFOPW
50,A,75.625,XJFEUPSG
49,D,18.5,HDUIXVYT
34,C,6.25,EZLKDPGB
49,D,96.75,GZVVHLNF
26,D,94,TAGIXLNP
60,A,7.75,WYXVVJQX
46,D,124,TLLTCXGM
22,D,85,FCAHJGIZ
55,A,74.75,TGENDDOP
21,A,72.625,YVGJOIXD
58,C,23.25,GDSPXOUP
38,C,63.875,MKQNIUFF
44,C,116.5,NRJIJYKY
46,B,121.5,ZZCRYIYS
35,A,47.375,WOVDSDJB
58,D,124.375,UMJLFKAJ
56,B,22.625,AKEASNKQ
51,B,67.25,FGFWTVFI
21,C,114.375,JNYKORTG
25,A,38.25,FWFEGUCP
57,C,47.875,KTRANLZT
51,A,83.5,WFKJDZUO
49,A,121.625,XMDXIYSV
50,D,69.5,PGBUFQOU
28,A,70.5,DDOMYSYM
45,D,40.5,ATGDHKEK
52,C,82,YRWSTWTA
37,C,86.25,JOLVLJTV
39,C,68.25,QTXQEBDJ
21,C,97.75,YNHVFRCK
37,B,123.25,LDPXHUFG
36,A,112.375,XJPBCVBK
36,A,13.5,EAIHINEY
32,C,9.25,JFFXIXJA
44,B,12.5,EPSZCOEV
35,C,53.75,ODDQHRTF
34,B,84.25,NEGQUSGJ
52,B,56,QUMSOHKQ
21,C,45.875,IWLNDJJJ
23,D,104.5,TIYKCINY
55,D,87.5,RRZWOEVN
27,C,6.125,VHCSNPBM
52,B,38.875,ISXWLYXH
54,A,27.25,VGTTPDIK
56,D,95.625,HRQVRXWJ
33,D,87.375,BEUQHRTH
49,B,86.125,DWQGIVNT
38,D,102.5,VDHMJBNO
18,D,77.125,HOBPHLIS
54,A,120.125,GGFNMHEJ
56,C,9.5,EYOJDBTR
35,A,94.5,UFYZRYRV
23,D,29.75,JLPKDBMV
51,D,53.375,SVRACFRX
22,A,59.375,WQJCNFHL
40,D,28.5,MURXOIIK
60,A,77.875,VVETSUWK
33,B,100.125,IFEXNVRE
44,D,64.625,LLKVBBML
22,A,6.375,CMAMBCER
56,D,113.875,JSDRQRFC
30,A,42.125,WRJDOVTX
36,D,61,IRVZDUCL
59,D,25.875,EGOPCPSM
36,C,37.25,SQMRBVOX
44,C,8.75,GIYPRHEF
38,A,19.125,DFRXHOAQ
31,D,58.75,UERLQVXV
46,D,84.875,HPHBVBPF
18,D,2.625,ZLBVCHDX
29,D,57.5,AAHRZNRU
47,D,5.5,FDKLPAXJ
47,B,2.625,ZVARHCZR
54,B,46.875,LTSSLHFY
42,C,109.125,CMGDOFFL
58,A,57.25,UIVJQQBO
50,B,7.125,QRKILGAM
41,C,10,LENIJNAW
54,D,105.5,BIHTBZNC
54,D,40.625,TYDGOOSF
53,C,105.875,GAMHIVCE
59,C,86.375,AFTLMDYB
38,A,68.625,JJKAJHYX
26,B,61.75,CHCSVFUL
20,A,28.75,IBMZWKVZ
60,A,40.5,MMGEBCZD
25,D,42,DBCLXRMC
47,C,92.25,HWABTBCE
33,C,11.5,KVRVZUCT
46,A,119.25,UERFHOGW
31,A,44.875,ZUBKXZQZ
51,B,114.375,HCZMJGRB
25,B,80.5,UDZEAQFJ
22,A,116,SONGMLKU
25,A,1.5,KBPERGCW
39,D,100.5,DTHTBOOR
55,D,82.25,LYCDSOFW
45,B,70.5,GWKFXFAR
52,C,43.375,VCCLJLMI
54,C,6.5,BQHFHNKU
29,A,75.375,PNORXYXS
46,C,62.5,ZCEIAPNE
20,A,70,YRHFGSNO
40,B,11.5,ZDUKBMOV
22,D,73.125,TAWQNGIW
35,C,97,GVIOZUYQ
37,C,12.625,WKNPLPSV
21,C,64.25,NSRVAKBE
23,B,17.5,VOMFXUNG
19,B,100.625,XDCTUEZS
36,A,8.625,NRUIQNOZ
40,D,12,HJKLUFXY
44,D,31.125,FPBKLILB
20,C,43.375,WWLGNJSQ
50,C,105.25,YQRCQIPU
30,C,76.25,BIRWFZCP
56,C,44.75,JELHPHOJ
33,A,121.625,RMIIFQAW
34,B,109.625,UTHSGHQF
53,A,53.25,VOVAFHSY
30,B,24.625,WYOTFXSE
19,D,91.875,RNBIZDKB
45,D,117.375,LZWMEDXG
29,B,50.5,VKNIDNIM
56,C,67.375,VMTCLTOB
23,B,63.375,YDBJZPHA
51,A,8.125,GSEKIOCL
39,D,51.5,RZVOQJPP
57,D,101.375,WTDYJTRI
28,D,97.625,NMSTWEVO
35,D,82.875,CDCXSKIN
46,D,58.5,VQVQBJEL
40,D,31.375,MMNFBWMI
24,D,23.25,KSCBOYPM
31,C,119.875,QLPMCIGB
57,A,82.75,NHJHUVDF
25,D,102.125,AGMWGVOF
30,D,4.5,JHXANTBP
26,A,111.5,IAEDPZUS
28,C,28.125,UJMRKMRD
18,B,87.75,YELRLNJG
34,C,76,NJSWDZGJ
50,A,31.375,CYFHZHPV
60,B,60.75,CVRJDDYB
29,C,47.875,AAFDAVEI
46,A,46.5,XTHHSUVX
60,C,109.625,IYHKTTFP
34,B,124.875,YJHQAQZG
31,D,87.625,MVWMEYBT
28,C,53.375,RJXSQNJC
42,C,37.5,ICYDAWZZ
45,C,87.375,AWGBHLJN
52,D,98.375,XFEQFNDA
45,A,111,UHFQGEHE
57,C,119.5,RDTVBJHZ
57,C,108.125,LSUEFDQI
43,B,109.875,DMLPRBTG
34,D,78.75,WXCGLGTE
36,D,12.5,XDEAMIVN
35,A,17,OCITGWNO
42,C,0.75,SSOEGMSX
57,A,49.125,WNCLJGGZ
28,B,56.625,WUEKRBPQ
28,B,43.875,XYIKQSCH
56,A,30.125,UTWIYQDW
52,C,26.25,RHCVDGTL
41,A,33,TZXRBFKV
48,B,69.75,MQJJUNDU
29,D,0.25,KWRZQRCU
31,B,33.875,FZSHKZYW
21,B,110.125,ZEOEETKS
34,B,73.25,QTZNPBQE
35,C,32,XNPVRAVL
46,A,70.5,QWQOAYWY
43,D,114.875,EYQHOIDC
24,D,22.375,CGXYZTWL
52,A,113,SXRHQUUS
50,B,59.25,MIHUUAMD
49,C,4.75,SLNYUMSO
41,D,14,TZLPAFTX
55,C,118.25,TTMCOCSH
29,B,63.125,BIFWBSND
29,D,25.375,VVPIRAMJ
59,D,117.25,INAPKWKM
20,D,46,JUIFEZYC
18,A,97.5,TROCJGAX
43,C,115.375,DGZCPNYQ
37,C,47.625,LEZWQEEY
51,D,63.5,DBSJKEOR
20,D,99.875,EEKNDODB
28,B,4.5,VVQGOLTF
29,D,7.875,TFARATDC
27,C,3.25,IPTFJGRG
18,B,27.375,SOWTWPJL
30,A,19.875,ZXAPNUDS
19,B,70.875,GLGVLBQD
33,D,114.25,BVCNMXRU
26,B,31.125,GOTHELSS
44,B,88.375,IOEBCIXQ
49,A,38.25,AVFRUIGV
58,A,14,TWOXCMSB
22,A,105.5,ROKICBFK
42,C,68,OSKEGNLJ
56,B,30,IOAPWUAQ
35,D,59.375,RTXPQOGF
36,D,61.625,WYCMXEDS
32,C,11,RQAQKZPL
53,B,6.25,RWIBVYHO
24,B,29.375,XQYEAAKY
29,C,19.125,WTJOZCDC
59,D,106.375,RHHJUADA
20,C,104.125,VLJJMTAP
29,A,44.125,WDQTRZGA
21,A,0.75,BQLAXBDD
20,A,76.625,CCYFPSZT
21,D,71.75,BQIGOTSU
23,B,15,IOJYEGHH
31,A,114.375,BSOQBXAX
22,D,32.5,RHKWMLZE
19,B,117.375,RZLKGBBB
53,B,85.5,FXVSGWXU
18,C,86.75,QTQEDJLC
35,D,14.75,GLGNKHNF
54,D,111.5,WIWUBDRJ
23,D,94,SNIGXLSV
50,B,54.5,RWDFLOUS
24,A,120.375,JBCJEWLM
47,C,55,OGKUPXWR
52,B,21.75,CAHOTRWT
49,A,32.5,IGSQCSBF
49,D,116.875,CDSXSWDL
24,B,70.25,ZUVQWEHU
40,D,82.875,ZMBHQOOU
39,D,117,GJEJQZYK
38,A,60.75,TGCNNSKQ
21,B,43.75,XRSWLQZO
25,A,4.375,GWGXXHSR
25,C,112,DCXWWPGG
58,A,111,YJLLWAMK
51,C,76.375,EKRBXGSC
39,C,45.25,TNAUNISW
57,C,22,YXCHEGBW
46,C,124.5,RQLNJRIZ
46,D,71.75,EBFDJCZT
38,D,91.875,FBTLCDBB
43,D,60.375,IPVKLLQC
53,C,13.375,PWNIFRAL
19,B,7,UKUEPCOX
57,C,55.625,DBVZBYNI
57,D,6.875,NAIVGYOS
46,D,81.125,UNCIBXNO
60,A,65.75,DAKAMOSL
51,D,73,UPYDCMCI
37,A,61.375,WWBWPHBQ
54,D,60.25,TWFUUFAP
43,A,2.125,ACDFFJIO
57,C,98.125,HXSIKNIR
55,B,14.375,DFLHEKLS
40,C,54.875,WAKDPKMY
22,D,112.375,LUEOABSD
31,C,80.5,JYBLVBNU
60,C,6.125,GHDTSMXY
58,D,53.25,RPCSGYTX
35,D,86.375,KHHAJNBS
26,D,114.375,TTVDOAGV
58,C,93.75,EJPFTWHH
59,A,21,DZRKEXEO
45,A,18.625,NWWEFFDF
54,D,11.25,MPDBNZSC
48,D,22.125,ERTAXUHK
25,B,33.375,ZLLZWMDF
53,C,88.125,ABVVGGPH
57,D,78.875,HXHGZQYF
31,D,39.125,HSIZTLLF
55,D,76.5,NQONBZLR
24,D,79.25,DIJMHJAQ
48,A,97.875,JTMAPPHZ
48,C,112.25,DTDBCDJG
19,B,93.375,BOPBKTBA
19,D,22.625,IAGCSMUN
20,B,28.25,SKZMHRUH
40,B,101,ZRFRNHUF
29,C,99.625,UAWBXPGO
52,B,67.875,PEIWJMBZ
22,D,36.375,ZZFSWNKX
41,B,53.5,OLZUURKA
40,B,35.75,DPAFACQM
45,B,78,ETVFDKEC
18,B,17.5,RZFBKESG
59,C,67.25,VCMFMMOY
24,A,117.625,GAAQMSPK
56,D,63.375,FTDBWSWU
50,D,64.125,EBFSMLSU
50,D,96.5,REFQOHMQ
44,B,109.5,AYMJPFXM
31,A,92.75,SMLRWDBM
52,C,18.875,XBCGBTPZ
49,D,108,DRFLASFX
58,A,52.625,ZIVAGMZI
28,B,30.125,KTNDUPLY
54,B,96.25,IREOVUZR
20,B,60.625,UDVJSQFQ
21,D,16.375,CBRFNATG
29,A,108,ESVYPDGF
33,B,69,PDWYJKJW
47,A,57.375,XRWLIEVY
58,D,3.75,UZHRNSOG
36,C,121.875,RNQPNAEQ
50,A,33.125,CMYNGJXQ
49,B,118.375,HIKOSUCK
42,D,51.875,MXEQMWBY
55,B,39.5,TFCVFWAI
49,B,56.625,ATRZPIDT
21,D,120.125,JSBCQPTP
56,D,63.375,KJUHEOVB
60,D,47.625,IZVVKFQW
20,D,108,QXUAGDHX
43,A,85,GTGQQXHQ
35,D,23.25,MRDCBTXX
56,B,86.25,TKKJYQWY
47,B,68.375,ZMRGKKSJ
50,A,7,OGMGLVLD
59,A,32.125,ZSIAEWJO
19,D,110.375,EALMIZCZ
58,B,75.875,KVXDOTET
47,A,71.375,QSNVFZZW
24,D,113.125,IGZOZAEO
51,D,76.625,MOLSJZNO
52,D,115,MQTUPWUV
18,A,97.75,KUZMKXAB
21,B,4.25,FZOWADCE
53,B,7.375,MMOAQGUR
25,A,9.125,BGPTVETT
26,B,103.25,ZMMCQQHZ
42,B,38.25,YROTWFNZ
33,A,100,NRLDKGKT
53,A,102.375,WNUXEFUU
20,C,35.5,SVHZNUJO
58,C,39.75,FQVLGRNN
51,B,120.375,EMDWNQKL
24,D,99.75,VAHUNHYC
36,C,32.875,XTNCGUOG
47,B,49.75,HMUVRXMT
40,C,91.25,STJEUQHM
28,B,90.875,TFBQSAPQ
19,C,8.125,MDTNCJMC
24,A,97.875,YMZCFNEM
55,A,93.5,GMSEIGTX
32,C,48.875,JEZDBMZU
49,A,70.875,QWCAVVWC
39,A,9.875,VAFNAWGL
55,A,40,JOOINQPL
19,B,67.375,XAFVIGSN
31,A,64.75,LTBDSBCG
55,C,50,EFRNUPEW
55,D,107.375,XUYIYQZS
18,A,102.125,DLJLGCHX
49,B,121.5,EEJUMSOV
49,C,68.75,AGZHMYLC
37,A,92,FDUBDXOS
24,C,58.25,JEFGOAXT
59,A,52.875,MFUJKDVU
33,A,52.375,ZZMKXIFH
55,B,13.5,UFUSWGGD
56,C,80.75,ZDDZUUQB
47,C,114.625,UPTDZUEN
38,B,124.375,YIKZTQFF
48,B,105.375,XBTUBKNE
36,C,0.5,NOGRGHCJ
56,D,37.5,QWDCRRRN
40,C,123.25,GRHBHTRR
57,C,117.125,SNLOAWTF
32,C,93.25,QSZSUYOA
26,D,100.625,HRDVLFXK
57,C,14.375,WSQWTMYW
60,D,49,HTQNKQOA
43,C,7.625,YUOOWDVV
53,B,117.875,TMPKAOSO
55,D,21.375,ZIFNZEBV
37,A,59.25,WMXUEFTP
58,D,87.75,XRACULJS
44,D,0,GNOVOXFM
51,B,100.625,GRSEKPKZ
57,C,34.375,JUOUAYEZ
57,C,10.25,GYBEKVXY
39,C,7.375,ZAKIGNAK
39,D,103.625,LXIGWOMU
24,D,101.75,OOQAXCVR
55,A,1.5,DHWPUJOC
59,C,39.625,NLMPESNN
31,C,101.125,MARDVBWM
26,D,37.125,YAHAJSFH
33,A,60,ZOGFSJDM
49,B,83.5,MCARGWIL
25,A,30.875,YYUSVEAS
42,B,112.5,JHAIHHAD
33,C,19.375,TMAUTCQJ
54,C,97.125,PVIPZFIE
41,C,80,VHYSYZTJ
57,A,13.25,XZMFATHT
36,B,64.25,OPQYNZLD
60,C,16.25,VFHVUHPR
19,C,28.25,KECPCHYZ
56,D,123.625,MSVCWKFY
49,C,12.375,ZYBEOKAU
35,C,29.875,ETQNPQWZ
57,C,22.125,GZNZEFTB
24,A,119.125,TLSCFFUV
55,B,17.75,OCHPIRYQ
55,B,91.375,MNSQQTCC
40,C,45.75,ZDERHOFW
21,D,44.75,HSRXGGEV
51,D,109.875,NGBRYRTY
29,C,116.75,BXJXEQFF
24,B,78.875,VHCHIOYV
29,B,123.375,UAIEWZBW
27,C,83.75,ZGRPNDXD
18,A,41.125,ISOTMKCO
58,A,76.125,GXIIQMUL
44,B,115.375,OVVXVDZK
34,B,1,XPVCPIOY
53,C,66,FGNQVLKF
53,D,124.5,AHPYSVXV
29,C,50.625,SJQAGNNI
35,D,69.75,MJNQWFRF
59,D,3.875,HMDDOBUL
31,B,52.125,VTUEQLUZ
31,B,0.625,QOWZMMHP
30,A,9.875,SPAONPYA
18,B,105.25,GPXBXSPG
38,A,76.875,GXFJJGQQ
40,A,42.375,HJCQWDCD
35,D,117.625,ZAKXNQWF
25,B,118.25,FBIKOFYA
59,B,55.5,QJWLKZPU
39,D,68.125,VSNZJSOJ
32,B,111.5,WJBORELV
52,B,72.625,HQAKGFZF
40,D,64.125,DTVWBKYR
40,C,17.875,RZLQXOUA
45,B,72.875,TZDZMDFC
45,A,47.625,MAZONIJK
36,D,122.125,EQGGCWLB
44,B,100,TTMRTCOH
40,D,45.5,XDKRLOTR
44,D,94.625,BEVWNZJQ
24,B,45.875,OYBTEAQE
38,B,115.625,KOHOKSPZ
50,D,112.375,OQKKWNKI
39,D,16.625,YQYKESSM
42,D,80.5,VZNKWFWF
33,B,99,QPRDKAWD
34,D,106.875,HIJQSKLP
46,D,60.625,BZVKATUZ
45,B,15.875,NMDWPCEJ
39,A,50,HNSJVTTN
33,C,28.25,QJCTDNKM
51,B,118,AVSREYDU
55,A,71.375,SDQRFXCK
36,D,20,VCPZFMUV
46,B,46.125,FLELWGSY
56,C,98.625,EHONKPOR
52,B,2.75,JPYYFVUR
24,D,0.75,TFOCKYGM
39,B,108.875,HMMWPBWZ
27,B,82.875,VWLSMVTM
39,A,67.75,SZXTKFSZ
35,D,23.375,NAIIRUNH
32,A,53.125,YTCRLWLL
53,B,116.25,PYCIPQQN
44,C,117.625,BRXSWKHS
42,B,23.875,YTGZYNWS
44,D,63.5,USIMUQLJ
42,B,56.75,MFUGDFMN
31,D,26.125,CCHXMXEG
26,A,108,MNDBQFCO
49,A,37.25,EUZKNUKJ
38,B,104.375,VVMACFMR
42,C,99.75,WVBETSSB
42,C,112,MENWOFQB
20,A,105,EFTLTPGK
41,C,109.5,NDGSHCNY
22,B,110,DAXTJJIG
53,D,86.25,WDMSHJYQ
26,B,97.75,NRPHQRTJ
46,D,87.375,OJTKNUMS
60,A,52.75,SRDDHOIQ
45,B,56.25,ZYYEKVHW
30,D,3,MOODQVKY
40,D,115,CHWQZIVC
18,D,50.125,CHBKFCXO
57,A,88.375,MNUOIXJE
49,A,24.375,XYAJRSAX
51,C,111.5,JWOPTSCX
47,C,96.375,BDSUDJIR
54,C,24,ZARKJDIN
39,D,43.5,PUGAMASD
27,B,87.625,VLWMXNPC
31,B,20.5,QYSHARSN
47,D,80.25,IXZQAPEJ
36,C,99.5,JPIANWCY
47,D,28,CQBGCEJT
24,A,76,XUSJHLNO
47,C,97.875,MCMSJCHR
56,C,67.5,YPCIWWPU
48,C,68.5,TTBILRDK
26,A,110.375,RBQXPFZR
38,B,27.25,BNFYOQEQ
34,B,88.375,HBWBJHMZ
50,A,112.875,WCODCQFZ
43,C,14.875,LPCQJEYK
50,B,77.5,PLLELHKF
22,A,10.375,TNRUUZNH
22,C,48.625,AVZEHBXL
50,D,28.125,NTTQRTQR
53,A,95.75,FSZBSLIR
25,A,10.75,EAZWTIYY
36,D,46.125,JQILWFKI
45,A,54.875,THJSNYMA
50,A,44.5,PDPTFNUF
57,D,14.75,XDAQXHZT
44,D,80.125,YKJFHUNP
56,A,21.75,XGBFXTEJ
27,C,73.125,LVXEDGHO
24,A,7.875,MHYXZIUT
54,D,68.375,WVFXRFWL
54,B,57.25,WYUZMSIZ
26,B,77.25,OCISVUOD
36,B,9.25,ZVYHJYAL
59,B,14.375,XXSFWGNZ
38,B,28.75,IMROXDPW
51,D,5.25,ONWUJARO
37,D,122.375,BHAOHZZR
59,C,38.25,RVBZGUWM
60,B,91.125,VXSELUKZ
18,A,123.125,JBFDOMWB
18,D,90.125,ORYJNMNI
50,A,1,CAVVVTTW
49,D,87.125,EYSXDFUH
38,D,74.375,UKQSGHOG
25,D,16.375,BELZMATF
46,B,40,TQAFPXIR
52,C,61.25,ZNJIBMCB
52,B,56,ZJQHSXJM
21,A,5.125,PXHXFXBB
56,D,29.625,QEFNRHCT
53,A,42,CMIGDFFI
29,C,60.875,KYTHYCTW
60,D,112.375,SRVFAPJS
36,D,70.75,JWKLOAFY
35,D,67.375,LGDTMWCX
29,C,105.625,SHUXGIME
34,C,18.375,BQVFXWKG
38,B,62.25,MFVPDCUN
60,D,96,LLWGNQVB
53,B,105.5,STUYGGMR
55,D,121.375,PMANCBGL
51,B,14.25,GUTAOAAA
21,B,102.875,QOGVOLLV
34,D,87.375,TNHFYANA
32,D,111.75,BZVWUFOC
48,C,29.75,WJZGOPTQ
38,D,22.375,WSXOBEQJ
18,B,44,GSTVBEHB
29,A,2.625,HSCFAUNA
33,A,34.75,OHNPKYDJ
24,D,72.5,FKIZEOPO
23,A,15.25,MIJRAASF
38,A,111,PNCNUEJK
25,D,19.25,BHBPHNJS
24,C,113.375,HDSVIMYP
38,B,13.75,FREICUJN
30,C,113.125,MTSBQAOK
48,B,123.625,ZELAIGBG
30,A,86.125,ZXVEJRMM
36,D,77.625,GYALBZIZ
53,D,45.125,JAOLYWYK
50,D,87.875,EMNFMBUN
39,A,3.875,CHWGJWAS
29,B,69.375,ZQMRHPIF
29,C,4.25,GYQPKPDT
22,A,39.125,TSGSDCPY
49,A,40.875,ULWVMOEQ
24,B,25.75,GLTIPNAV
58,B,112.5,KKFEVQTX
55,A,72.625,DIXZQNFN
24,C,42.875,OZUBZTJR
39,B,74.625,BMLEYNWX
31,C,78,AAAKLOEY
26,A,32.625,ULZXWMEV
42,C,64.75,YEQQZGMC
44,C,24.5,IMUZKQUJ
23,A,15.625,FEQGOWWL
50,A,55.25,FMTRMCME
37,C,40.25,VODNOASS
52,B,99.75,GDHFVCOK
31,B,51.625,EIWEFXFX
22,B,69.875,PFWSMVOA
57,D,0.875,WYBGNLZL
30,C,64.125,MUMEDPLU
57,C,121.875,RQCQUFBY
23,C,80.125,OOXPJSBK
35,B,57.125,UOMETJGS
30,D,102.375,QGPGNOXG
19,B,92.875,RGUNUDJG
44,A,85.375,QHYOZNNT
20,B,8.5,IPAZJWBC
52,D,123.25,MJKCEJVI
43,B,118.375,JKNDSCKY
59,D,37,TLMUXAUZ
20,D,105.25,KVPQBEVJ
57,A,40.625,AZBPPYCG
29,B,55.625,JBELKWUC
43,B,26.625,SANWQLEP
35,C,48.625,IISWOWDW
48,C,34.75,SYFKWNUP
33,A,96.75,UVFJHMKS
44,B,101.25,NZEZNQUX
52,D,86.25,UQEMNGPV
26,B,1.375,TZXDAXLG
45,C,69.25,EDEZTHKT
33,A,95.625,GQSJAFFX
59,C,89.375,JEGSDXEV
33,B,97,BXIBZNDB
41,A,31.625,NAKSCLEH
56,A,125,GGWLBCLA
53,D,120,JLWTBJGO
20,C,15.125,WIMZOQAB
56,C,65.625,TODIFKVQ
52,D,71.75,VHHWTDTY
54,C,25.25,AMTYJQRW
52,A,15.5,UROTVUVJ
59,D,30,KCAILJTC
24,A,15.25,JJTRMCJC
54,B,5.125,TFQVVWJM
41,C,99.75,RMMQADME
21,A,27.875,VHRCQAUL
19,B,109.625,FIKWKTCC
44,D,90.375,TUIQRJPJ
44,B,101.5,OCNHLLLO
51,C,99.25,ZBYTVPLG
55,A,28.625,DHHGRFTZ
46,D,59.125,QKBLRRFR
57,D,118.875,VYMRQSXF
27,A,92.375,OECJTUXK
53,A,11.75,LBCXKSMV
48,D,7.5,OAOSAVJW
44,B,27,GKCPMNCQ
24,C,55.5,KYZCGNIW
32,A,73.125,IYTKXLCA
36,C,69.75,ISGKDIIC
24,C,96.375,GMFTNPIM
37,A,123.875,PHDCPQKG
26,A,79.125,INKSDGHJ
49,C,49.125,JDMHBUFR
46,B,79.75,GPFAMPAA
33,B,15.125,FTQIOABY
54,C,94.5,XXCSNZJR
59,B,11.25,YKNFVGQB
31,D,13.5,PKWVZHID
41,A,85,QDZVABZR
40,D,87.75,PLKVVJQE
39,A,37.25,OXGACVVO
45,A,60.625,SVXNKJPL
42,D,40.625,QLKXAMRV
52,D,104.75,JCSVBSPH
41,B,102.5,JNAZODNU
60,C,98.125,GEDIZOPE
47,D,15.125,CASMAONQ
22,B,41.375,PRMTQTBY
42,D,52.25,PXYAHNZO
43,C,70.875,KALQVTAY
37,B,98.25,FAXTPQXP
56,D,91.5,RGZZJCSG
47,C,102.25,CBHFIBJW
38,A,60.75,ZFNAOTYP
18,A,84.625,YGOCYQYS
20,D,41.625,UXERCBQJ
43,C,39.625,LSDHPAYS
54,B,105.125,KOKSGFVA
36,D,101.625,VARDTXOL
42,B,100.875,QQMJYYFP
49,A,18.625,WAQLWIXF
37,A,49.625,LPUYDGCE
42,C,89.25,VBWZWGIG
47,D,15.75,DXXZFPSX
26,B,116,KYIVLWKQ
33,D,74.5,TLTYBGQL
37,C,82.125,AEZLDIUS
30,C,123,XQMEEFYB
22,A,99.75,LSODZESN
26,D,105.5,XPXWPTBP
60,D,101.5,IMGFCFXL
45,B,97.375,OERBJRJG
52,A,20.25,EWXUZWMI
38,A,60.875,RYCXMSEG
25,A,29.5,NPULUBQA
38,C,76.25,KKCJOKAY
35,C,87.625,IWHPBZYT
52,B,89.125,IZXJJFMU
27,B,48.125,WBKGFBGB
20,D,1.5,XFOUHRUQ
43,B,65,SWKLGOEN
46,B,109,IVBMLEQW
46,C,23.875,AHNBQNLP
51,C,73.125,AWBNMYYY
45,D,121.125,LRWLVIRS
31,C,15.375,MDJNIHRG
52,C,1.125,RMAZAOZQ
46,D,53.375,XJXNMENA
37,A,85.25,LDQICSBC
24,C,64,RJPAQIZQ
48,B,25.125,ZHSAQSRD
19,B,53.75,HJEDMXAU
28,D,123.125,IORFUVHU
53,A,120.875,RYUPWHCK
59,C,62.125,YZIMEPGN
40,B,123.625,XDXMJOZV
59,B,4.375,YWTQDEBI
49,C,46.875,OEPSCEAM
25,A,16,CWGEXWIC
18,A,57.625,WVWGGXJL
26,C,121.375,IVJWARWN
48,D,39.5,JSWDPJXB
34,B,116.625,KONRETTE
59,C,112.25,LSDPUWOO
32,A,74.25,YCDARPZY
31,D,39.25,CCUDDLNE
18,B,8.625,WLHTQDUM
59,B,63.375,KUSXZQKA
48,D,45.875,LSLFCXCQ
36,C,111.5,LLEMSJSX
37,B,75.375,MCNLTZIR
43,B,102.625,DCSLRXRO
48,A,43.375,XOFRLZHH
38,B,92.75,MSRMAMWY
19,B,50.25,LCTNXGLY
40,A,56,JENAUUHY
36,C,2,FQTDQQMW
48,C,21.875,HVZYSWPC
24,D,53.125,YLEJDRCG
30,B,63.875,IGTFHQLS
46,B,44.125,OXRUIYLG
40,A,59.875,UVPLVDJT
42,B,55,BMSEPJXK
42,C,68.5,ZXQGNTTB
43,D,87.125,EKUSMQWO
31,C,15.75,SEDIQFAE
35,A,31.25,SROZCVIA
36,B,27.625,XKKTWCAX
44,A,38.875,EXAOALUY
20,D,50.75,UFKJOBSE
42,A,97.875,ZCOTXKMX
45,A,105.25,RGIHWFQK
39,C,2.25,QQXCKCIH
42,A,50.75,FJPWURJZ
45,A,97.375,XJHJJMGW
20,A,56,AAGYHKQD
60,B,78.5,OCMYEJDW
49,B,44.25,OVSXNPAH
59,D,26.5,BMDAJTXL
32,C,30.875,SPAKWRYJ
26,C,36,KDUZAJDZ
33,D,17,MFUOJFQW
49,D,73,NRRFPIOI
41,A,51.5,YWHXTMFS
45,C,23.75,LCDQXGSH
59,D,54.5,XCOQJBOG
39,A,96.875,JIIZDHJY
60,D,10.25,AWEROGJE
33,B,94.875,SANGMYED
42,C,116.625,ZQLZVJMW
53,B,2.875,MWUQENBJ
32,A,89.75,AXQNKPEP
51,D,43,MCBSKHEC
59,C,38.375,QKTLWWRA
26,D,44.25,ASIOIEYF
53,D,17.625,ZUGOHUWQ
48,A,9.125,UHVWHRLW
48,A,37.875,LYCNWAML
19,C,46.5,CUMZPMVR
57,C,96.5,EVBUDYZT
19,D,114.25,PXSSXJKP
49,C,43.875,ATFLSFWC
20,B,36.375,PNZNTEKM
27,B,30,QFWJLRJB
26,C,89.375,PCBIBDVO
29,C,46.5,CZQZFETI
43,A,0.625,CNHYRZBA
37,A,112.375,MPAYSXWT
18,D,103.5,DIOXOSOE
36,D,59.25,CPHNNMKY
59,D,10.75,OOMLZEFR
24,D,91,ADRBZSAU
41,B,61,RLNWYHBZ
40,A,92.5,TEETNSWU
32,C,28.25,ORLWKCBQ
50,B,98.375,QWNXZBDS
41,D,8,ZHKWCYAH
49,A,108.625,MJKSOGLB
37,C,78.5,QPPWVVNL
29,D,109.875,WFDOWRCH
19,A,70,WRJWXCLC
22,D,42.875,VQANSZUU
37,D,25.5,WIRMLRLF
24,B,92.875,CLWPYMWE
26,C,100.5,HJCJJRAB
47,C,59,SKYLHRST
25,D,42,FXGSCNTQ
60,B,85.875,TYHRYALW
19,C,27.125,NZMPOVMK
19,C,96.5,TYSPXYYM
55,A,31.25,TPQVAEYZ
19,D,20,QVGQETUZ
56,B,64.625,JQWJXTWO
20,C,61.5,CSALPKZE
44,C,67.5,FTCEGCUM
58,B,64.875,AQAQZKUD
44,D,79.5,HEVHTMRA
27,A,11.625,ENHOGNET
58,C,24.875,JOOQLFGZ
53,B,100.25,EPJWMAXL
49,D,102.75,DUBGNXTT
37,D,17.875,ERNVUJIV
44,A,29.875,NLTDEASB
29,A,47.5,LMNEUFKH
57,B,79,JYZWTXIC
19,A,47.25,PSSZJNBR
23,C,39.25,NDQUJWTC
46,D,27.5,NHWWGDSY
52,C,25.75,DBGEJAZE
25,C,77.5,DQDYYYCA
45,C,121.25,WFCABNWJ
33,D,68.375,DTHXZINA
55,C,26.5,GLJUECHY
48,C,120.875,ZFVWACPC
40,C,61,EYYNCUPJ
24,D,116.375,SLTNQAKI
31,A,100.75,DXQDDWTQ
48,C,49,GNVZFMVK
19,B,68.5,LQKVYSQU
53,C,65.25,KRHEONVR
43,B,82.75,YCWNKQFN
50,C,117.375,NXZGNVWG
37,B,36.625,AUUZMVOK
28,A,63.125,MZGGWAPH
48,B,7,IJBERJQM
52,B,81.5,DMJXMLIN
47,B,42.125,EEVKUFTI
46,D,2.625,RNVDTYFF
28,C,17.625,PLFWRKGT
29,A,71.625,RMJESSYY
40,B,36.25,XVZCNTNJ
26,A,107.5,OGWGNNVQ
26,D,98.25,NASPKYDW
42,B,64.875,UIUEEBDJ
32,B,82,PNHKUJCM
48,B,101.5,RSGXSTNA
26,B,2.125,ZMRPQZTQ
38,D,91.125,QKVDGQGX
36,B,46.25,CIHQGZLX
36,C,93.375,SZTUWAIN
22,D,60.375,RSPUTEDG
47,A,4.75,XWVJIMLK
32,B,79.875,VRUGWCVA
24,D,62.375,EIGPRINC
22,C,66.5,MAHXJVVJ
22,B,34.375,KYZZZALD
37,C,13.125,LQOIGDHU
30,A,37.375,EPKRZHML
27,B,37.375,MCGMREET
52,D,15,EMAWJFGJ
22,A,16.125,ZDNMWELR
26,C,46,HOWDITTY
32,A,30.125,SBKAWCHU
38,C,10.5,GFCOZGJC
37,C,103.625,LARAUQHM
39,D,90.375,SMFEWOUK
30,B,114.25,BKWBLRAT
54,C,101,WPWSIODY
38,C,36.25,YLGYQMRQ
47,B,10.25,SRJLYEWV
30,D,57,XMGMMKHN
25,A,112.75,HPVFMLAW
53,B,35.625,GFYFKDCD
52,C,35.875,AQQVLRKQ
23,D,20.125,HQBJZEVV
50,B,20.75,WUBKTCHG
34,A,81.875,TKELICJF
50,B,59.75,NBKPVKLB
59,B,9.375,HBEHROWD
35,C,83.25,VBMLNGYY
24,C,70.25,TRXIQREB
45,B,106.875,DVOKZVYQ
19,B,123.75,HSNOTFLG
26,B,38.75,IQEHEAPK
35,D,99.5,EOXIFJFB
44,A,100.625,JCOVAHVB
25,D,117.625,QCFFLFEF
24,D,79.625,HODWUCVN
31,C,26.75,ZARZHBKZ
36,A,1.375,TUOOFYSS
39,B,100.625,QXKMIGOC
27,A,28.125,ZKOWABPJ
47,A,106.75,ABJAIRWY
31,C,86.375,NSNGJVVW
33,C,111.25,JCZSMXLS
39,D,16.875,NDRLKQVC
58,D,44.375,NOHTHXHH
26,B,78,GSKQLTOR
19,A,87,GIMCTKOH
53,C,29,YYIBPMLO
41,B,85,GPKMQGBB
19,D,53.875,LCUNGFBO
20,D,1,LORLAMKP
53,A,54.375,JLDFVJWR
43,D,110.625,UJBWDPWP
45,D,45,HFPEXJTS
60,D,97.25,RHLRBZJW
29,C,12.75,QAGIXGPL
22,C,50.125,ZIBZIFLU
42,B,24,FZRFQTEQ
50,D,81,FDXVZCQV
42,C,48.125,WWUJMKCB
49,C,36.125,UFUMXHNP
44,A,118.5,JXWECENZ
41,C,64.25,GJOUHMSX
18,B,26.75,FUPFFBIQ
29,C,21.25,WQUJWFUQ
40,A,92.625,ISKFXDOS
57,A,84,LTLQLMNN
42,D,122.375,TJENQIEU
22,C,104,MVTBWDUZ
53,A,104,BSOFYJBP
40,C,22,JQLHWNBV
41,D,99.875,DOLYEKYT
22,D,18.625,GCPGPVWX
39,A,41.875,REBUESWN
54,B,117.875,SYHPEGEM
39,A,15.25,VIYAGKOX
52,C,98,GORPLTXR
50,D,78.625,SCIJZXYO
54,C,68.875,HRVOWIZE
35,A,116.75,RPKOUNOR
52,C,52.875,AXAEVWEB
50,D,122.5,QRMOTRAO
43,C,76,ZQSJPZJP
42,A,14.625,DEVCYRDM
35,B,41.625,PJUNSIVI
48,A,6.5,ICTFWJLF
43,A,84.75,XJMUKNSM
27,B,32.625,HHRJTFMB
25,B,106.25,OZHNEXOL
19,B,32.75,KHIGSBPV
35,B,64.375,IJTUYPLB
49,A,116.375,QHXFXGZV
58,C,14.375,BBFTIYSY
38,D,2.875,IMBQLZXU
42,A,84,MBYGGYBY
57,B,9.25,KIHAWTGP
30,A,45.125,GYXLAPBS
37,C,117,CAGIUSQK
23,A,103.625,GSGSIBER
30,C,14.125,EDUMXRNJ
46,A,63.625,WTWEZHNZ
30,A,35.625,PVBDTZRG
32,C,54.625,XTMQGGVV
23,A,80.125,PFRXOVKY
59,A,87.125,MREQGAMM
35,B,29.25,XFQBJBPL
35,A,3.25,MVTDZRKJ
21,C,119.75,SOAVIXEJ
18,B,114.5,APOQKVWY
18,D,9.25,MUUOVPAY
20,C,38.125,WTMUKSJX
33,D,118.25,RWZDFCXW
22,D,75.875,XGNHYJCZ
58,A,32,VLBZXWXX
19,C,75,KOHWEIUM
44,D,93.875,AUSMMYAZ
27,A,81.5,IQQYFRUB
26,A,123.5,XXYOPMLP
52,D,107.875,ZLSIUKKH
38,B,117.5,HMJOVLYV
22,A,120.375,JGSDHFFY
32,B,122.25,YPRJWMFJ
27,C,18.625,VLDXXQNS
44,A,124,GWVQPVPC
28,A,3.5,EMVMSAIN
49,A,28.5,MOIPTFQS
50,A,40.75,DUPNFMCC
18,B,46,QCMQIKJV
33,D,88.25,ZPPSKTTW
27,B,100.875,AEFWTNKY
19,C,102.625,OVMKNJFA
58,D,60.875,YBWFTJTK
29,D,45,LHQYQGYA
47,D,1.25,VAUZGXBF
49,B,80.75,DTFWYEFL
20,B,88,TJPDAOPW
18,C,22.75,DTPCDVDH
19,B,118.5,AUFKQIIM
25,B,76,MAYTEQDX
54,B,48.5,KLHIJFTS
35,B,56.5,NLCHCYKA
36,C,101.75,OAHPJZQP
19,B,8.75,FIHRLMUO
38,B,43.125,CJQPEMCW
48,B,7.5,KEIGNYMK
40,D,1.5,JUYNIODA
56,D,47.375,IZOCMHRE
45,C,71.25,FUAMGVKL
32,D,49.125,NLCVAZSS
26,B,102.5,RDPQQSGX
28,A,118.25,JBRZGLCL
51,C,54.375,IYFYJXTQ
60,D,52.375,NCAAEOMI
41,D,12.125,TXHSKENO
43,B,88.75,BLLOSDPQ
60,A,1.875,UELRUSOP
18,A,93.625,PANSBYBD
57,C,87,ULLXHZKF
34,B,88.125,KJOBSDSF
25,C,101.5,WQESFPLA
57,B,111.375,OICYLKLT
21,A,118.75,AUHXNBKC
44,A,90.5,NEOURWON
22,A,14.5,JCBXYDPW
34,A,58,YLFYPXST
27,A,125,WAZJYKDE
38,D,78.625,RQLKDSMC
40,B,24.125,DTXNCWEJ
47,D,8.125,OMDIKSBG
32,C,63.875,BSZKHIKE
36,D,120.5,IFZWSDVY
52,A,13.125,JJDRSWIR
48,C,35.125,QEZMVBEC
49,D,117.875,DUYEIALF
42,A,33.625,NHXYNLEZ
31,A,117,YHJPSBSS
24,C,58.125,IJDLZNRA
35,B,97.5,TPNHYLHM
48,A,75.375,GPDMDSXA
59,C,10.625,ZZUEJDFN
21,D,123.875,RMGGVLPR
32,D,61.625,THAZRBUZ
34,D,25.875,OIPOWOOA
48,D,13,OULJPMME
28,C,37.125,CGYPRETT
53,C,58.25,HLRKOWBO
18,B,72.75,RNXAHEOL
36,C,112.5,ZHHPKSDB
30,A,40.5,UBCOZRBI
36,C,20,DXCMQYIZ
43,B,122.625,EIUHNOML
37,C,93.875,QBPWCABH
57,B,106.75,NOTNSQIG
32,D,115.25,UQOLBTXV
53,C,96.25,ZPCUYCDP
33,C,10.75,PQBYELOD
31,A,63.25,LFGXPIRP
23,A,46,OSZIAAAP
55,D,91.5,WTTKGACM
52,B,31.875,NBTESLBQ
34,B,75,RFHCAEWI
38,C,122.25,MXYIEXAA
46,D,40.25,QXECQLXH
51,C,70,RNUAPEHS
26,B,81.75,CWKDMBSS
49,C,111.5,FITDZBYQ
30,A,87.5,SAZTVVPP
28,C,124.375,KGJKWGLF
25,A,60,LAMCJFWE
46,B,27.75,SIQOIOBH
35,A,2.625,YTHACOBI
36,B,35.375,IIWCSRWD
29,D,118.375,GZIHJUKS
50,D,2.25,KQZAFICS
59,B,101.25,SBAYDBWY
20,B,52.125,AYTFOBUV
52,B,118.875,EWRKBCZD
47,B,107.25,IDTSXRPX
19,C,70.125,JSJZEACO
33,D,33.625,RJXEZDWG
36,A,91.5,PBCJBWOD
26,C,70.5,NEITUABJ
18,C,21.375,DFQKPRKT
30,B,108.25,JNWQJTHT
55,A,79.75,LUJOMQHT
34,D,64,VZHZBXMT
53,B,75.75,KKCGIGCU
52,C,27,BANJFWRT
41,C,101,FKCGKNYF
28,D,105.375,TIJGPNUI
50,C,106.125,GTHVQEUG
35,A,89.875,KUCUBMKC
48,C,49.875,MZJLJUTT
41,D,24.625,WAYIWONL
27,C,16.125,ONEMPCMS
25,A,43.375,OSWTQQML
58,D,96.875,ZLLKXWLY
54,A,80.125,HFIRSXBA
44,C,0,KLXKHIBC
39,B,55.625,WNGZCZZB
35,B,42.5,VYKEOFEI
18,B,85.375,MKWOESQS
41,B,18.125,OBBNSWZN
28,B,95.25,UACXEFDH
29,B,0.625,XUGWPKWJ
25,A,19.875,VMRRRHVC
23,D,107.75,EFXSHTOR
27,A,99.25,HKZOCQPO
32,C,58,BSVOYBKE
54,A,86.625,ACEZHAOG
31,D,88.75,CVLWXZBH
54,C,87,BVUWTAND
48,C,69.125,SFMYOMJN
26,A,104.125,ETTCEYMM
58,A,77.25,ZFLWXGBX
46,B,65.25,BPNZLIHX
18,D,1.875,FDGFAIKD
43,C,63.625,VOJGDDON
37,D,32.75,PLBRMIBV
46,B,68.875,VYMAZQTQ
40,B,23.875,XWIFAQLQ
24,C,22.5,JUVWNJYN
20,C,2.125,HOASGDMB
34,A,109.375,QWPOIQDO
45,A,124.5,HUXMFBKD
18,C,110.375,OPYACOHW
48,B,59.375,GWVVLMOH
38,D,7.25,MZMMVCCD
24,B,11.875,WPUSVSHL
49,A,88.75,BFLAIVJP
38,D,48.375,LSIGKOBF
45,A,24.625,SCDNUWOI
44,D,67.625,MKGGQBYQ
26,C,118.25,KVUCEIXK
18,A,118.875,XJWTJTKZ
53,D,67.375,VPVHWCCY
58,C,6.875,TXWLDOHA
48,C,50.875,RXBGPPBY
18,B,48.75,KGPOFDQU
43,C,101.625,ANDNRIFV
45,B,119.375,HQALPMWQ
40,D,50,VHCNTGQX
46,B,17.75,LCQFJAND
45,A,41.5,VHEXXQNR
24,C,45,OUCKWGBQ
21,A,122.75,QKVQJQWU
24,C,48.625,MYICGKWA
31,A,13.5,RFBTHBJE
45,A,30.875,XHRLCVML
23,C,81.375,RKJEGJHK
37,D,59.125,YIEUWFSU
41,A,18.375,BFURFMYF
25,C,45.25,UEWVVYLJ
38,B,90,NXNQDOMW
48,B,5.125,CPGYDKBY
24,A,96.625,SRNBSHCQ
29,B,63.375,LWKZLGMR
47,C,104.5,VCHBEMPV
30,A,53.375,DGLAWIGU
36,C,98.625,XZKNHTXO
42,D,117.5,HXDEYWYL
52,C,74.125,JGGLJDFX
28,C,79.875,SFSPXFLL
25,D,3.375,CUMBNQXO
34,D,121.125,TKIUGXUB
33,D,0.125,NKRSIFUE
58,C,75.75,NRVNKFEO
29,D,57.625,SYUMYTMO
56,A,113.125,WDVIDGMF
23,C,13.375,TWAYXESC
24,D,77.5,YOQSTSNK
30,D,74.5,CUYVHCDK
41,D,31.25,HPFCBZVV
20,C,30,TXJHWVRX
21,A,90,GPMPNSJN
19,D,52.5,FUHNMIOA
32,C,83.375,ZZBKQEOI
20,D,35.125,HLURLGBU
19,B,109.625,ANUUHYTR
56,D,30.125,NGNMKZWM
23,B,73.25,WVXBRIJU
25,A,37.25,XYTCEBYL
49,C,1.75,GAOWHEYF
36,D,84,WJIJTYUM
38,B,98.75,IJOXHDFZ
46,D,91.875,NXSFAOCY
23,D,24.5,PJJRZPMX
37,B,29.625,PPEVWLSW
21,D,117.5,IIWBWGHF
18,A,109.5,YFCKJCWC
52,B,45.25,DIXOOMOK
49,A,5.125,JTDHEWXM
24,C,118.125,QZIDYCUU
31,A,104,DJHPLDGH
29,C,16.75,NJVOBRXL
31,D,49.25,TQWKHCLX
48,D,21,UYDQWJSV
35,B,3.25,DWZANYUK
34,C,16.375,NGSFXWEB
37,A,8.5,VTLZECWY
26,B,2.75,PWFRPUCG
56,D,21,UIIRTJZN
35,C,95.125,GFZJJPHQ
45,B,2,QVVNSZXI
54,A,1.5,ELDKUKTL
43,B,120.375,STCDOITU
48,D,92.25,BMILLCCH
44,B,37.875,DBSXLGUO
43,A,53.25,BPFTYSLK
46,D,119.75,JLLYREUT
60,C,65.75,ALSHZFYM
23,D,110.125,YZWPDWPC
27,B,80.375,YOSHZPWN
45,A,115.875,QPCELSVO
50,B,42.875,IJFMTPAY
38,D,119,QHRYDFBP
33,C,109.75,KTDTWVUJ
39,A,84.75,OAGTXIDI
37,B,71.875,NSDAIXSC
32,B,59.75,XFFTHPBX
34,B,15.125,FUIXKVFK
58,A,41.375,KZSUPERO
37,C,115.25,RZXQMOWZ
32,C,7.125,TKGQDZLP
35,A,0.625,RDQJIIGP
34,C,10.375,ZMWTOOVV
35,A,105.25,JOFNIYZR
34,D,103.75,UNLKWPZL
44,C,6.375,WNOLCIUC
18,A,9.125,MEIXPNNW
50,A,70.5,CXAPRRSE
19,D,12,MGCJYBQM
35,A,119.25,FXNVRHPH
55,D,81.5,PITXAMIK
46,A,54.75,LMSQFXJT
46,B,60.25,SGDILHUC
34,A,60.125,DXSWZUVY
42,D,118.375,NOHXCFJX
32,A,50.625,CZTYBGXT
38,D,119.5,SAJABTRN
37,D,104.375,LBBTXCAB
60,D,59.875,GPROPWYS
24,A,66.25,VVBTXMOL
39,C,54.625,NJYMDXUZ
30,A,112.25,EHYZYJKO
23,B,110.125,KZPBRAOQ
22,C,101.375,LPQVDGDI
49,C,25.125,LXGGVSTH
57,A,54.125,XZKJZEWM
30,A,56.375,KBBHHXSK
45,A,119.625,IIWXBECJ
49,D,36.375,OOJJZGKL
33,B,82.375,INNRAHQQ
24,C,7.5,BQSXWMQZ
28,B,78,AEMGKEJF
18,D,98.25,FQVQFXAK
21,A,35.25,TNPFNNDP
37,A,91.875,VBOZOTJO
34,C,6.125,YTOOYVQY
31,A,61.375,KBCFEBCP
45,B,78.375,PNUCVXPJ
18,D,114.75,JBDTEHGZ
21,D,72.625,YKLFNZOY
56,D,53.25,VYAZTYLE
60,A,115.875,WNIDQQOA
48,C,56.625,RJWYNOUA
22,B,118.875,JRRAGMPH
33,C,20.75,GNUESWXW
29,C,85.375,XPNDIPNN
24,C,5.625,RGBWXUGV
34,B,75.5,LWCNQKBR
38,A,98.375,PIFQPPDF
46,A,105.625,VIIKXYMT
30,B,104.5,DBZXILPF
52,C,98,SBPTLHSN
22,D,107,TJOIUXOB
47,B,100.5,MLGTNZLU
35,C,117.625,RBKNKGSR
49,D,96.625,ISJNYPUC
44,A,113.625,FSEATEIU
22,D,97.875,RNMZJPAZ
28,A,105.875,EHNRGFJW
29,A,100.625,EPAYEWSD
57,C,12.875,MOFZBQIE
45,C,47.875,VODKVHGT
22,D,72.5,MUAZNXZJ
37,D,48.375,NWWQWWFH
50,B,60.375,NUJVIXUA
40,A,103.75,RZFSQQDP
24,A,14.375,IBPJBNIY
28,D,120.25,NROAUGXX
44,B,96,XCOFPODD
47,D,98.75,EGWLBHOT
50,D,69.875,XMJHKYJC
32,B,41.25,KUCNGXFV
50,D,90,PDUYNFZI
40,D,2.625,GAIARGMM
27,B,20.75,DRBUQEUN
38,C,67.625,SZLRBMWL
36,B,105.75,IJWIAJGN
42,B,124,YJUBKGUQ
33,A,81.625,JZVRCSRG
50,D,86.125,YIORPIGQ
38,D,94.25,NBVLIDXI
43,A,112.625,VMUKKXQZ
47,D,93.625,MUACVNGW
37,A,26,NAOIDYUF
20,D,45.625,PKUEOSAC
59,B,27,MMZHODOJ
33,B,89.125,BMRNUHVQ
49,B,41.875,JKFZGUED
46,D,26,SCVITMIO
51,B,117.875,RYQTWSPR
59,C,70.375,JBIMRUEH
21,C,98.25,PLTBWSVI
24,D,70,AXDYEOJP
25,B,9.375,NKXMWGPI
